Medoid,Cluster Average Width,Average Width
223,-0.07650420970740018,0.4628992639191261
350,0.5899838519463182,0.4628992639191261
