Medoid,Cluster Average Width,Average Width
223,0.1309749394197432,0.424271175293333
350,0.48937260562975127,0.424271175293333
112,0.6402798861235167,0.424271175293333
